ds,yhat,yhat_lower,yhat_upper
2011-01-01,1156.4200948683158,-705.5397309966957,2966.041997204586
2011-01-02,-913.0107939989248,-2912.7461493906685,1213.9926942066827
2011-01-03,3000.4130690404695,1074.6753234690293,4786.30031725822
2011-01-04,3002.2099986754724,1026.4805308108034,4926.204518836571
2011-01-05,2679.979794877605,867.280174873197,4502.83789493467
2011-01-06,2461.7538275934585,551.8509829426748,4419.747485001919
2011-01-07,2762.5262329722973,810.018342781699,4770.387882779993
2011-01-08,165.62474813165136,-1634.1002930676948,2171.6684652946105
2011-01-09,-1817.04994348146,-3778.872422317835,-19.50925039276871
2011-01-10,2191.178393273888,223.9513184114313,4080.2113488187815
2011-01-11,2293.729171488598,337.26051911506306,4268.7133508133
2011-01-12,2076.027979201461,70.52148605288498,3911.200057151941
2011-01-13,1963.9095334971576,-105.45512138707568,3802.3494201839935
2011-01-14,2370.201279201154,472.11625502206596,4287.7089569088685
2011-01-15,-123.85516251779745,-2060.326266314541,1800.9629580972191
2011-01-16,-2008.3170785602856,-3950.6325359408297,-156.26389455324292
2011-01-17,2091.7053122590687,235.4648955997734,3944.8991067190987
2011-01-18,2278.0546297311853,270.38242986163795,4213.6298686814225
2011-01-19,2134.8213733471352,263.51818475989313,4099.702901005529
2011-01-20,2086.7721217772614,235.79115385762736,4020.8589132941834
2011-01-21,2545.951070498722,628.6481806073311,4641.444462707256
2011-01-22,93.111806164884,-1827.465933442467,1988.6326858641119
2011-01-23,-1761.9931651088991,-3671.0007928973596,270.2660750623377
2011-01-24,2355.6285632782833,415.1497160060863,4183.217953875208
2011-01-25,2548.20277084722,574.7028550292072,4481.591162381572
2011-01-26,2400.4645423073357,636.2371748926469,4401.098038901933
2011-01-27,2338.061211246245,366.7608670633594,4184.316113226665
2011-01-28,2774.1233081958703,913.0649827502688,4833.286778050531
2011-01-29,290.6613505669843,-1797.5584410605618,2309.3139522433166
2011-01-30,-1601.182972246183,-3591.7178291212704,371.74228122613783
2011-01-31,2475.0635834363425,470.52450674948795,4378.757836704172
2011-02-01,2623.1575730795576,752.1370833749218,4819.413456729728
2011-02-02,2429.373108044943,521.1691359795336,4501.891578339099
2011-02-03,2320.864253360173,453.1443061134045,4350.237593435949
2011-02-04,2712.1976297818865,864.530904269203,4659.146996978266
2011-02-05,186.71402973277327,-1805.5469942364848,2080.352302651445
2011-02-06,-1743.2515389943537,-3658.5594420644693,357.31697518371584
2011-02-07,2299.804149155476,343.2095860328239,4307.483970662373
2011-02-08,2420.483254338027,493.8865337615848,4306.404974353088
2011-02-09,2205.7058317924266,212.30758946043017,4156.587854364722
2011-02-10,2083.062943613005,111.35609592370392,4043.557733810756
2011-02-11,2467.346047128246,415.95104307827563,4358.707862021858
2011-02-12,-58.08863403416717,-2113.9789365679767,1962.060439250526
2011-02-13,-1981.0916085667213,-4155.727495840859,150.4114082189423
2011-02-14,2075.4676243430285,224.03165015820997,4090.439159250836
2011-02-15,2215.64975456973,264.2497398119953,4291.745132029698
2011-02-16,2025.6871273922625,92.23165989906907,3969.1106250667235
2011-02-17,1932.3626332949334,-82.74240821648513,3702.4985115207005
2011-02-18,2349.5672956448834,371.3739424409915,4185.4395842102695
2011-02-19,-140.30562876490558,-2058.6370672140447,1816.1367469748384
2011-02-21,2068.312005583274,231.32787193013726,4014.3160639820762
2011-02-22,2246.0259894816018,268.7568392091483,4244.25910406055
2011-02-23,2092.355734075957,106.20204030567791,3990.3322165925674
2011-02-24,2033.2453471359402,26.049578183295203,3886.436766250414
2011-02-25,2481.845981128305,560.0268150330763,4334.417923668177
2011-02-26,19.9270379446657,-1971.8189034326622,1961.2451305872933
2011-02-27,-1841.8520853496016,-3729.2037722148953,33.349568022596415
2011-02-28,2272.284255773867,283.89149707673823,4253.955372190521
2011-03-01,2465.209941068332,679.0322567999509,4533.543494340144
2011-03-02,2322.164890884385,446.12025051209605,4382.602485450743
2011-03-03,2269.1532769837395,315.27504709565653,4195.019867857846
2011-03-04,2719.513094246209,905.79846393015,4615.18916200649
2011-03-05,255.31482218419433,-1663.7642327955195,2134.056905332973
2011-03-06,-1612.3824441857491,-3509.038507940747,353.27732686151586
2011-03-07,2492.6771755990103,582.9344984683227,4594.796106979551
2011-03-08,2673.908450665183,618.6973594840069,4591.250738137724
2011-03-09,2517.1318607207163,747.7596220742421,4543.935452676723
2011-03-10,2448.950443560903,427.6369219575899,4443.199998571124
2011-03-11,2883.2983349591627,828.7380025725627,4896.673060187479
2011-03-12,402.81941152012814,-1552.788553684866,2373.8456973197885
2011-03-14,2608.8861085735243,853.7269501871539,4606.323650548526
2011-03-15,2775.981572704587,848.9804563271658,4679.870987104958
2011-03-16,2606.5349006384217,649.1534674835813,4580.334863362686
2011-03-17,2527.3837631636966,617.1527537739115,4451.476550455975
2011-03-18,2952.604916713379,1054.7101075956184,4875.698254384225
2011-03-19,464.89267204523685,-1442.1018199653672,2410.179891917467
2011-03-21,2661.9363249604703,832.1597160299954,4701.402251152881
2011-03-22,2826.926689376216,927.7532751862379,4727.689924881723
2011-03-23,2656.6586741250976,638.1883938514407,4660.524542451042
2011-03-24,2577.6665380859095,632.8012199781317,4664.379412762389
2011-03-25,3003.6912258549182,932.6412427724372,4751.1735596953595
2011-03-26,517.0749729399145,-1437.9392994255395,2530.169500777267
2011-03-27,-1370.9813027144887,-3358.5581957669956,809.1710835212341
2011-03-28,2715.7964964689436,857.767190042192,4636.249588301721
2011-03-29,2880.7287217477838,917.2195652480968,4812.2520781385965
2011-03-30,2709.4438372569175,632.7156166778242,4635.8713369855905
2011-03-31,2628.2736621299473,744.8434729999457,4535.8854086811125
2011-04-01,3050.822848842339,1258.506521194009,4824.456765762256
2011-04-02,559.3701197363093,-1370.0904733483228,2494.330520327096
2011-04-03,-1334.87065940106,-3223.72163893571,606.9542806604842
2011-04-04,2744.4646210696296,928.6460848801792,4631.569493053432
2011-04-05,2900.8608927269734,957.8527946453066,5003.65227963697
2011-04-06,2720.180262733844,830.5753086250302,4547.136786185286
2011-04-07,2629.0489370982473,659.0376819379837,4447.981339485791
2011-04-08,3041.4158629479084,1167.1356101217923,4954.962008955172
2011-04-09,539.9409980685155,-1309.8147311260263,2564.4722287674117
2011-04-11,2707.0922970069487,751.0438499144324,4752.606574409236
2011-04-12,2856.3778168118006,895.2885922356431,4820.663866618738
2011-04-13,2670.3345035355346,764.4413059891668,4644.981819029156
2011-04-14,2575.9207760447816,666.6492466905574,4513.784735708189
2011-04-15,2987.361403363893,1141.6780668134918,4999.43911930318
2011-04-16,487.5230054811436,-1535.7520873288386,2465.2028174141346
2011-04-18,2666.055886710875,697.3317576788038,4712.143754877195
2011-04-19,2825.0729622353488,793.8456853710592,4842.562451095801
2011-04-20,2651.290368423614,708.1755905544761,4581.025067015915
2011-04-21,2571.4272247487233,501.1771147049009,4401.047002945588
2011-04-22,2999.3818597179175,1061.9318113185423,5052.666841586253
2011-04-23,517.6157461362777,-1403.0317320462284,2506.5145856644003
2011-04-24,-1362.5990688732777,-3287.412995557549,591.156446613226
2011-04-25,2735.025780053392,944.6627672316547,4701.492068601611
2011-04-26,2913.7609732320116,852.8711963319134,4781.571191623241
2011-04-27,2759.1163814451897,903.4669710933832,4669.76949682833
2011-04-28,2697.233763815706,793.8002491153,4555.903292671248
2011-04-29,3141.4564138975556,1091.7233469110195,5105.615883013025
2011-04-30,673.7334399600436,-1270.2260134631729,2697.8451250365374
2011-05-02,2910.8354287614434,941.3306513681993,4906.894233686414
2011-05-03,3094.577171617541,1118.7256818526366,4859.573894539738
2011-05-04,2941.459520146528,1030.066116303838,4825.278777976382
2011-05-05,2877.582605860357,931.1648641943774,4769.945603088028
2011-05-06,3316.3757119012953,1352.5138436238396,5240.198129486666
2011-05-07,840.0044674887906,-1093.5941310180917,2759.0130198779357
2011-05-08,-1040.3633226236093,-3032.0512320027906,881.9341549873294
2011-05-09,3051.660836391522,1141.5773001771745,5142.91776843789
2011-05-10,3219.658657395209,1347.8622929041387,5385.178211625968
2011-05-11,3049.661808580311,960.9166708282794,4987.15934217692
2011-05-12,2968.5375765960744,1135.1948914461484,4945.6390904906075
2011-05-13,3390.5445537997384,1424.6348958741362,5401.604998278382
2011-05-14,898.716236948459,-1025.2948367426459,2870.0709957222584
2011-05-15,-994.8989097590711,-2857.0359623317586,994.1077718729191
2011-05-16,3086.9538321080836,1129.608558086826,4837.7098948296725
2011-05-17,3248.6800455481257,1344.830770090508,5172.5662199744565
2011-05-18,3077.065119179617,1121.1891661776488,4966.914953576099
2011-05-19,2999.6330634010646,1025.2228912933483,4927.9934362093245
2011-05-20,3431.177120631417,1531.1766071482884,5212.503318873285
2011-05-21,955.1208455280382,-1161.1927958133242,2848.9089863131803
2011-05-22,-916.2610583461014,-2875.8829147870642,1187.1620196085466
2011-05-23,3194.3332692400136,1269.1626991359833,5208.93113977391
2011-05-24,3391.166681321082,1478.1903834207526,5265.165162841575
2011-05-25,3260.6861360879357,1479.1474489788209,5277.751742037641
2011-05-26,3229.8809402920638,1148.5173197023694,5140.266531883255
2011-05-27,3712.8182104449647,1850.4035696324424,5653.791794951682
2011-05-28,1292.0142466581128,-735.3404114205221,3223.966371049252
2011-05-30,3648.8725667607982,1592.3696263124998,5612.93252577043
2011-05-31,3905.5445276856285,2049.121212223355,5786.476394812077
2011-06-01,3833.7060300559574,2006.106550582649,5773.1060924610665
2011-06-02,3858.8607649937335,1902.4778041303034,5775.439128507151
2011-06-03,4393.567544594595,2384.671005827219,6364.174770871843
2011-06-04,2018.8485012208275,11.456191921208871,3945.1387231331532
2011-06-05,244.46306817247387,-1737.1054969821364,2124.868282038978
2011-06-06,4445.141959506226,2467.788610802078,6389.381816031045
2011-06-07,4722.5823357948075,2728.084681801078,6724.752274577393
2011-06-08,4660.734104436072,2712.866502750751,6698.676786014222
2011-06-09,4684.221595852623,2714.687803695862,6646.819239687463
2011-06-10,5204.941060317043,3321.037775225139,7214.273158379237
2011-06-11,2803.491047180474,1006.6730402344078,4771.341851721213
2011-06-12,989.463239893216,-849.3872305258449,2879.7327412940526
2011-06-13,5137.687394856957,3237.392374980572,7179.049550684038
2011-06-14,5350.23126714788,3384.309507398744,7246.053561250558
2011-06-15,5211.685237401006,3199.1072618813428,7087.561476046354
2011-06-16,5147.575847630422,3311.9000980101587,7177.087469573678
2011-06-17,5570.94881824795,3726.299227621337,7500.772339031464
2011-06-18,3063.7789001508054,1134.59560198695,5168.740737805936
2011-06-19,1137.2345851834934,-875.6379504999104,3047.6178377451715
2011-06-20,5167.8919192355725,3070.6663219340508,7146.859216153034
2011-06-21,5259.699028363822,3395.4491482639673,7208.802979768941
2011-06-22,4999.221912001799,2977.754165493373,6893.76828203927
2011-06-23,4814.01664104396,2852.75427582296,6730.109363257865
2011-06-24,5119.16952917538,3285.1651970582243,7218.425398298436
2011-06-25,2498.6636672306954,582.7562170693528,4455.157251878429
2011-06-26,465.60089255619914,-1435.136458699132,2447.4215821367893
2011-06-27,4398.374471319327,2566.688997752589,6365.667801803962
2011-06-28,4402.595095982023,2497.930571431957,6534.868504018927
2011-06-29,4066.301676090543,2041.2816703610258,6029.177210683788
2011-06-30,3818.302892441019,1863.8047561350008,5701.8565740448375
2011-07-01,4074.691802257764,2113.422861753745,5992.6524692612065
2011-07-02,1420.1924730364328,-603.2328331073925,3403.784691344982
2011-07-04,3297.7865821607725,1376.0822390462308,5237.503228538465
2011-07-05,3313.9450470545466,1333.7263639573657,5238.07026316351
2011-07-06,3004.486817362896,1115.9499984221047,4817.182584184239
2011-07-07,2797.554527709455,738.2602485355502,4722.74827239308
2011-07-08,3108.32255392477,1106.1395349510226,5004.2480705340095
2011-07-09,520.3668168899185,-1415.0190300589938,2487.43911135326
2011-07-11,2561.973301295904,641.9798234847603,4481.596803289011
2011-07-12,2672.4277034341417,990.5056442259236,4560.277467669322
2011-07-13,2463.27787713382,575.8554292366857,4403.980291877086
2011-07-14,2360.73667645663,492.63714602415604,4335.348939773834
2011-07-15,2778.1508037231956,708.706296485317,4641.9106250828145
2011-07-16,297.2881593514003,-1594.367635693473,2212.044644337637
2011-07-17,-1571.388908660139,-3446.887245553147,326.4906176221326
2011-07-18,2547.5084322937037,531.9461997569895,4351.672745183733
2011-07-19,2756.2874325103558,777.6447515074138,4605.746334365478
2011-07-20,2639.45544061103,796.1659755454516,4605.0109094009695
2011-07-21,2622.1355851645867,747.3295217445449,4673.178026788436
2011-07-22,3116.6569836113244,1218.450349117153,5116.710784952695
2011-07-23,703.9766959466765,-1167.4934756648504,2580.683325677623
2011-07-24,-1106.038777630984,-3171.290434394764,746.4870756004157
2011-07-25,3061.621482545852,1122.2691019721508,5056.385286041061
2011-07-26,3309.1025032148373,1324.11340343444,5184.869980114751
2011-07-27,3220.957916379769,1353.6956448398812,5290.12352485591
2011-07-28,3222.553893724305,1239.5052235594858,5183.670349174912
2011-07-29,3726.643524102652,1892.356965778208,5754.860711227632
2011-07-30,1314.7694232755289,-591.2807941650678,3300.8238019353576
2011-07-31,-502.4769797790218,-2448.8792135017165,1469.6809437295387
2011-08-01,3650.7551546503364,1671.6403771586367,5669.4674278465345
2011-08-02,3877.5399414381354,1914.0234643284978,5863.491880158608
2011-08-03,3763.422742061206,1906.378823774582,5816.40912718095
2011-08-04,3734.7975950491023,1810.5090866736339,5764.305017973746
2011-08-05,4205.455806119893,2089.8163966306565,6140.445692393276
2011-08-06,1757.9641299684038,-6.6316252075874225,3624.817877060578
2011-08-07,-96.09843789376873,-1996.5507259453416,1859.5293135358406
2011-08-08,4020.049867543607,2140.214333683002,6113.4503444791035
2011-08-09,4210.340199556109,2245.746248890775,6190.60133661622
2011-08-10,4061.0869441011628,2122.947508956506,5919.5802064942445
2011-08-11,3999.354330174332,1902.5703278930814,6120.60885040901
2011-08-12,4439.497586298366,2447.4154070762634,6421.997109427608
2011-08-13,1964.537048017642,-0.5017417181306081,3932.290413805215
2011-08-15,4182.083903574025,2230.1155243410303,6178.423166446976
2011-08-16,4355.666823200261,2489.3683287963026,6349.238981005831
2011-08-17,4193.489543334765,2241.497422970546,6174.84284337229
2011-08-18,4122.560763463796,2196.331985432284,6055.193788044346
2011-08-19,4557.79345227927,2545.0330863512354,6319.335384268334
2011-08-20,2081.318910127721,28.10990438655519,4085.744409988131
2011-08-21,204.8063122201679,-1748.802358832672,2193.7565765015056
2011-08-22,4304.976911391733,2371.9896347629133,6289.138726472332
2011-08-23,4485.567143604489,2425.267216102154,6480.624375788147
2011-08-24,4332.580483175018,2352.929456970199,6204.8319804891
2011-08-25,4272.672830923431,2291.172208870779,6197.952326802819
2011-08-26,4719.712489983549,2835.4297438931812,6620.582807050742
2011-08-27,2256.172465584648,414.2938387979784,4231.142559625785
2011-08-29,4507.741479468077,2637.7754340797023,6487.507083318645
2011-08-30,4702.673211938682,2733.7448582976385,6807.048576097884
2011-08-31,4563.887199838597,2697.0892034758726,6467.8796202565845
2011-09-01,4517.758274575104,2556.7834831202317,6415.9897612329905
2011-09-02,4977.8850799724005,3056.2468263813835,6932.711132677407
2011-09-03,2526.47922608281,630.4676033544633,4392.245032189411
2011-09-05,4798.43192777311,2894.654051770981,6755.986374138377
2011-09-06,5001.099663555942,3134.7091973955057,6923.101583112954
2011-09-07,4868.063661564438,2854.2095765715126,6806.962532250376
2011-09-08,4825.429342392263,2950.0375958955215,6696.284688175417
2011-09-09,5286.5189098478,3152.13912719806,7136.816372010062
2011-09-10,2833.2615699633197,956.253877509359,4746.374357629563
2011-09-11,976.4456001131196,-983.9871879421362,2813.400423917927
2011-09-12,5091.927126727471,3146.5415156657195,7036.380664322291
2011-09-13,5282.597648893208,3359.6567030304122,7195.7187039733435
2011-09-14,5133.641083951232,3281.939699714478,6942.5898595589115
2011-09-15,5070.925477890572,3240.8508945962803,7068.572056012976
2011-09-16,5507.5707309822965,3538.546725488848,7407.820978316207
2011-09-17,3025.3502874278915,1181.9849618968701,5105.384644463135
2011-09-18,1134.955203732738,-1025.8068838587437,3146.739347754708
2011-09-19,5212.215012771081,3246.187064756356,7299.207029608957
2011-09-20,5360.07694011335,3331.0621411898937,7155.546975227538
2011-09-21,5163.873744547114,3293.8696106769366,7245.20148359051
2011-09-22,5049.724815944939,3022.7114499846484,6981.561802361624
2011-09-23,5431.111383531515,3542.549401249314,7284.95670337515
2011-09-24,2890.2833173689664,909.2677518146893,4820.659606440272
2011-09-25,938.5255208854232,-995.3780600908556,2861.9881693346215
2011-09-26,4952.377981018226,3023.1177161390196,6836.834478061733
2011-09-27,5036.098921140546,3154.5681480031412,7115.869552001705
2011-09-28,4775.460370312393,2887.510722655913,6628.38987586662
2011-09-29,4597.602285179182,2761.559585467565,6539.438251121502
2011-09-30,4917.104553533669,3039.283565656232,6918.044907876967
2011-10-01,2317.3753117090355,366.08075862263667,4213.615428257148
2011-10-02,310.89569886206664,-1706.1028338827819,2268.955017312216
2011-10-03,4275.415512341343,2232.54305288405,6239.024907171975
2011-10-04,4315.901557572246,2362.245166089189,6158.628536902841
2011-10-05,4019.7693941480875,2193.710419480092,5972.069721555733
2011-10-06,3815.2437299385842,1944.165960650877,5886.47398767862
2011-10-07,4117.889114914253,2128.648824295303,5955.3043228586575
2011-10-08,1511.969379741913,-411.679652370749,3451.196209569218
2011-10-09,-489.33507810522406,-2373.3818961485968,1343.1168499944476
2011-10-10,3492.2431265465725,1593.0258403971789,5516.278171686394
2011-10-11,3561.9845156299953,1606.2652055505087,5420.811790341
2011-10-12,3307.396078398338,1360.859362576975,5261.436561294399
2011-10-13,3156.5577155865494,1189.0409828762715,5051.684077098747
2011-10-14,3524.644034823904,1669.8344990117455,5532.166834561907
2011-10-15,995.2804139985492,-927.6911291908053,2953.778084324601
2011-10-16,-919.2372253510707,-2783.312633377619,1201.9913219476223
2011-10-17,3158.2365457227434,1135.3767240877992,5062.360839384159
2011-10-18,3331.6374466823554,1341.923369111324,5362.035049260226
2011-10-19,3186.9254159531797,1292.7533344477831,5183.771114791019
2011-10-20,3150.457323890183,1246.0126788452249,4918.971973557009
2011-10-21,3635.540252636208,1643.1874867291401,5679.098910373817
2011-10-22,1223.82364939753,-721.918928416624,3013.3672785765443
2011-10-24,3615.8219184947143,1615.1939531261132,5615.405825263746
2011-10-25,3896.4974118970445,1948.236879403015,5805.127754611243
2011-10-26,3851.5600523002076,1883.3270836013712,5715.389807422083
2011-10-27,3905.492098870086,1808.4427268273466,5818.782974365348
2011-10-28,4469.88108687525,2466.405792783483,6388.930262459888
2011-10-29,2124.8537500197062,144.59533958299502,4198.955747674844
2011-10-30,379.3738965630505,-1523.8419832922484,2428.7407014884316
2011-10-31,4607.4977948644455,2726.6226723083632,6590.370205878516
2011-11-01,4910.387761501721,2840.5865507820718,6747.420485478959
2011-11-02,4871.613382717699,2908.4984080075474,6837.664446387958
2011-11-03,4915.844314019118,3027.14818004999,7020.670487178937
2011-11-04,5454.67423221539,3753.330975020462,7269.0192398618465
2011-11-05,3068.8338674122024,1189.4571384519427,4988.690742014179
2011-11-06,1268.2194712340852,-581.2916690127719,3131.766692251793
2011-11-07,5428.130899618595,3528.7199152469775,7254.620971989895
2011-11-08,5651.260177105974,3659.5548820195945,7593.409449266356
2011-11-09,5522.960459096676,3523.4792920335194,7376.017645597205
2011-11-10,5469.639907620038,3573.972843545739,7547.5978769915755
2011-11-11,5905.321460183711,3943.8746885318824,7778.1406962542505
2011-11-12,3413.026344571069,1520.5782968613148,5379.233726918561
2011-11-13,1505.0099425499066,-417.07999826677474,3377.087090417984
2011-11-14,5558.944895232328,3645.0506684925936,7427.222669116946
2011-11-15,5679.853762435181,3761.355453729195,7533.4538387890925
2011-11-16,5455.322531084586,3545.114272901976,7348.715213289103
2011-11-17,5313.840872531879,3415.6980709273,7167.13489135934
2011-11-18,5671.3114835561155,3771.8725634925026,7607.037438594419
2011-11-19,3112.3876535414865,1208.7449041091227,5059.298352146869
2011-11-20,1150.6688511571647,-820.0913940344221,3022.6060551281175
2011-11-21,5164.850281536834,3136.6015459717637,6984.438629465996
2011-11-22,5260.6296246715265,3279.0318053577907,6995.4932668813835
2011-11-23,5025.902962440373,2975.3880464897748,6993.552172017125
2011-11-24,4889.096301120295,3113.267838752628,6780.443348469766
2011-11-25,5265.67531042959,3403.336660234978,7201.852792706044
2011-11-26,2739.4924777972574,788.9401479498015,4620.54256566263
2011-11-27,823.0012940366073,-1177.3680587792019,2720.6410164070526
2011-11-28,4893.433014160992,2906.064626105618,6911.321655773008
2011-11-29,5054.738574909688,3047.038029160026,7111.725585843523
2011-11-30,4892.826840578799,3033.1757216096216,6802.024555514945
2011-12-01,4833.9445623474585,2869.6196798531696,6761.843382817278
2011-12-02,5291.239488823669,3350.857025800329,7213.175781721063
2011-12-03,2846.1645125836776,874.9806590125377,4830.651459567947
2011-12-04,1008.7510569945543,-909.8878954649683,3040.1733969918205
2011-12-05,5153.8457733019,3231.1153466808682,7141.068088139005
2011-12-06,5383.111632256427,3447.8996241955747,7366.811997661779
2011-12-07,5280.323099167658,3206.0843279257306,7278.218950849582
2011-12-08,5269.799348123443,3335.9192473692683,7263.133544477789
2011-12-09,5763.015613915801,3899.754314513565,7694.294490860115
2011-12-10,3340.150233351201,1408.6503141357782,5278.9555605401365
2011-12-11,1510.090118267765,-487.832354046896,3348.096539517093
2011-12-12,5646.996666190269,3765.2965128010524,7536.317241898607
2011-12-13,5852.2237177597,4117.902458125026,7793.665318132669
2011-12-14,5709.62121255067,3774.5872617680757,7666.884758881733
2011-12-15,5643.967412001803,3750.244100635474,7490.702491683684
2011-12-16,6067.569823097147,4042.7838694614256,8107.217467754463
2011-12-17,3561.691768341798,1541.004945897038,5360.07795629081
2011-12-19,5668.953077102227,3676.714503860822,7651.745610220649
2011-12-20,5761.454464089091,3777.413586354799,7654.904701527596
2011-12-21,5500.429675963447,3629.9451090692155,7519.93670730713
2011-12-22,5313.043491438078,3364.8311798666814,7268.333291676647
2011-12-23,5614.076115051195,3435.3183089134,7610.388773312877
2011-12-24,2987.2908778634746,1036.9692117398763,4908.275537191121
2011-12-25,945.654867432379,-1006.1165189187391,2820.2658045816042
2011-12-26,4867.507891609273,2862.157851192052,6826.828185768861
2011-12-27,4858.482565369825,2909.878185316714,6824.479989120863
2011-12-28,4506.707240138154,2540.5539818100956,6507.0154040216285
2011-12-29,4241.138034538655,2328.8631020574026,6216.26196650272
2011-12-30,4478.062581957374,2448.1845371253708,6152.461957298523
2011-12-31,1802.434830655969,-110.43525081742078,3763.5925270587977
2012-01-02,3633.801159478925,1600.0118821162516,5565.351384249015
2012-01-03,3625.3839955273656,1648.3132229866076,5451.011900470154
2012-01-04,3290.7091548637663,1326.9545294956763,5241.782995707592
2012-01-05,3058.140707064865,1192.8966496522767,4907.046509960768
2012-01-06,3343.0395241110095,1461.4086115754756,5310.0958902224065
2012-01-07,729.1248194088216,-1363.2805216442143,2636.299857878163
2012-01-08,-1271.2962479030339,-3211.3799717730544,750.0911749373498
2012-01-09,2718.864099742617,905.2594094621426,4904.101467702754
2012-01-10,2803.432015927529,704.2630293681743,4808.839502137276
2012-01-11,2568.2254721878558,726.7564548646126,4542.444247554941
2012-01-12,2439.4482086575076,585.3615908742144,4368.963347903838
2012-01-13,2830.2651007429963,1011.1672702260313,4700.065760146297
2012-01-14,322.21634315106485,-1824.1213449721622,2231.9595832831083
2012-01-16,2515.2043014656692,481.73431135592756,4252.945188680842
2012-01-17,2693.327563639331,803.5070862443611,4522.059010034162
2012-01-18,2544.0535298437435,499.0612057411958,4486.185080118704
2012-01-19,2492.188898406041,500.4316163407688,4510.799995575713
2012-01-20,2949.760579340744,1092.7395650839962,4973.670057515512
2012-01-21,497.45302701998025,-1474.484527738674,2431.2146687191143
2012-01-22,-1355.0998426946094,-3315.3746011592907,586.3083757135058
2012-01-23,2766.931003311875,911.5480648337312,4657.920185218478
2012-01-24,2965.5688812026006,1008.4969805272805,4742.912622007132
2012-01-25,2825.313859910893,960.722624440557,4689.6839761531055
2012-01-26,2771.552891602974,834.6815339129747,4526.020125685606
2012-01-27,3217.13838885327,1190.0782042817436,5133.973251833346
2012-01-28,743.7928712053413,-1124.4695039775074,2640.45643975825
2012-01-29,-1137.6319816926703,-2950.4133379501573,774.0709430089561
2012-01-30,2949.0527207211453,965.8694287287586,4831.231151111005
2012-01-31,3107.332105034732,1314.9661609218012,5076.206292795673
2012-02-01,2923.2284601127935,1029.8816133627852,4748.8212768490275
2012-02-02,2823.669566524921,1018.7715417878452,4726.464023165508
2012-02-03,3223.0263402968803,1258.889079085074,5076.396431690852
2012-02-04,704.4784886478237,-1196.6747382631213,2536.538854401185
2012-02-05,-1219.7624894032533,-3035.1417789964503,713.4402939614909
2012-02-06,2827.72252445541,904.0790826315083,4673.531635145582
2012-02-07,2951.491662321855,1169.450329440776,5004.695430526619
2012-02-08,2738.4605756312926,728.2980325124295,4578.908471629465
2012-02-09,2616.254011203421,641.5945981035463,4553.832388511737
2012-02-10,2999.732656775597,1023.7102322376328,4950.440869000242
2012-02-11,472.35406781232814,-1429.3722590557181,2476.0429306303254
2012-02-12,-1453.6030503116694,-3442.3574847682485,545.5868480980538
2012-02-13,2599.144050837765,611.6197651773732,4493.367117978748
2012-02-14,2734.8260235800726,759.4872219571411,4665.362510323351
2012-02-15,2539.857270537546,663.3760000161661,4576.855975667608
2012-02-16,2441.2090858231873,405.1808475733301,4364.702415145732
2012-02-17,2852.961537005184,885.530524790741,4789.41372545256
2012-02-18,357.6920682440659,-1576.0768423039142,2396.83637539537
2012-02-19,-1533.2707852439967,-3402.7005135717845,518.9291353088935
2012-02-20,2556.365774540292,686.5966713017925,4430.394454319607
2012-02-21,2729.8328859878793,626.4603684585953,4707.405063900671
2012-02-22,2572.565149297814,788.7698895274295,4547.003176326142
2012-02-23,2510.601274036817,675.7105544771873,4473.559806168138
2012-02-24,2957.160951960469,1037.9587614951279,4874.545229871179
2012-02-25,494.05526433111027,-1574.1821399502444,2406.404611529579
2012-02-27,2746.635344485072,813.8065250497922,4648.073049111225
2012-02-28,2940.9244446217267,908.0625774137742,4959.952619024951
2012-02-29,2800.0086571070506,686.2228122925445,4734.519124894063
2012-03-01,2749.816162088053,842.4807822094779,4756.652996766937
2012-03-02,3203.5934685001844,1213.0173545548037,5178.7860981773865
2012-03-03,743.3078526182608,-1218.2383131359527,2588.604581271363
2012-03-05,2989.5336762664433,962.9664636397733,4929.844882823489
2012-03-06,3175.4870078481727,1272.0262689083818,4995.124365672803
2012-03-07,3023.4779897835497,1141.9432273274383,4915.615675907289
2012-03-08,2960.007444361392,994.5243597934495,4760.654238670296
2012-03-09,3398.918166492269,1357.1623082102699,5245.042504874223
2012-03-10,922.7761822194789,-1016.1275618527617,2873.8294041019108
2012-03-11,-956.8894581850755,-2886.968677218056,889.621635274072
2012-03-12,3136.6067258613825,1367.8470556368281,5012.295789686303
2012-03-13,3307.0560022735226,1272.436649632486,5096.652362612493
2012-03-14,3140.5918862374147,1208.295220058369,5201.319439868394
2012-03-15,3064.0592889841264,1275.8964000169058,5076.319402327678
2012-03-16,3491.5582057661577,1527.9415228427538,5506.095739267262
2012-03-17,1005.8204382146187,-1016.3323930355933,2967.462957935481
2012-03-19,3206.1106389992296,1212.2841041599324,5040.006954379282
2012-03-20,3372.497387550683,1513.3316156604046,5233.221633917118
2012-03-21,3203.5650924720726,1133.040388984902,5137.625362634835
2012-03-22,3125.9170475651267,1244.355838846885,5033.779321025412
2012-03-23,3553.3603673575926,1610.0315517209644,5572.396961444603
2012-03-24,1068.2976530585988,-906.7381132852304,2959.136526997512
2012-03-26,3270.7277726354664,1367.040057039634,5414.968471110404
2012-03-27,3437.8846662239175,1679.0815306203162,5481.394851042336
2012-03-28,3269.095385867415,1243.7058352887352,5094.049739376554
2012-03-29,3190.691531157153,1377.7362284226165,5206.7590600542335
2012-03-30,3616.2626007890613,1715.7869530671512,5481.853387575005
2012-03-31,1128.0576344637439,-710.0560486079096,3026.47953309685
2012-04-01,-762.7527279414508,-2623.2495639899353,1137.17556884228
2012-04-02,3320.1403848440236,1303.0672319719938,5290.597201945674
2012-04-03,3480.1566754742985,1448.3975444737575,5541.170836832533
2012-04-04,3303.085472533155,1356.7339096866037,5145.650417489368
2012-04-05,3215.475428057473,1247.08481272675,5102.307437729617
2012-04-06,3631.1961643802065,1718.681345765528,5696.686537203696
2012-04-07,1132.829678688202,-737.6455483443544,3101.5557885917806
2012-04-09,3305.175188100414,1448.149244879259,5222.178500806075
2012-04-10,3456.4251241794823,1534.254846113197,5423.113070239753
2012-04-11,3271.8633069211596,1328.5670459504008,5247.684001185701
2012-04-12,3178.4205220263752,1516.1961191344199,5158.919198765276
2012-04-13,3590.3104915634913,1566.0921261616163,5654.736956601852
2012-04-14,1090.4064066078895,-727.8736816121475,2975.846126926355
2012-04-15,-809.5227428362068,-2684.3538613651217,1051.043705391829
2012-04-16,3267.379068137279,1390.0162097436864,5275.996650673567
2012-04-17,3425.003391298841,1417.36509732762,5200.815466937587
2012-04-18,3249.5141979363398,1447.0282093250648,5120.666573788523
2012-04-19,3167.718733060152,1047.2494589518371,5098.056973663296
2012-04-20,3593.6141395430745,1752.371554072397,5506.818158161874
2012-04-21,1109.7682884308588,-907.1260391396074,3048.546086292996
2012-04-22,-772.4362648186457,-2746.804825427188,1235.1994373654306
2012-04-23,3323.3997288374258,1362.0760130720346,5196.648395586638
2012-04-24,3500.654332079055,1459.0033420673412,5406.7478060408275
2012-04-25,3344.9374034302414,1520.9364053850004,5298.952641999844
2012-04-26,3282.4795181976974,1419.2653931760747,5269.548006706561
2012-04-27,3726.698075997488,1827.574252947317,5624.863552038501
2012-04-28,1259.5984114731518,-548.1145639491813,3222.8685188544046
2012-04-29,-607.9618321165299,-2583.365770905588,1347.0260285662964
2012-04-30,3499.9491809542974,1658.2734310395717,5530.487278857286
2012-05-01,3686.318253003595,1870.0535612805877,5685.640557986017
2012-05-02,3536.456914209897,1550.8291673983294,5455.556364383386
2012-05-03,3476.4046378873195,1659.7576537857433,5384.167926769308
2012-05-04,3919.506212779347,1970.6473660779984,5780.822029829618
2012-05-05,1447.8206274712982,-643.9181588724623,3503.922823574585
2012-05-06,-427.61063568053396,-2312.903382865425,1329.2396825990918
2012-05-07,3669.4581008450546,1819.3705845184857,5667.80802799952
2012-05-08,3842.453071408456,1980.7790564008212,5695.502272835287
2012-05-09,3677.242188174931,1868.8631069168,5472.20187037403
2012-05-10,3600.5255213431196,1685.8572821275245,5573.482274485937
2012-05-11,4026.396104991779,2045.9111846102671,5885.028418144189
2012-05-12,1537.7288169791739,-569.2333094728632,3421.918117294833
2012-05-13,-353.57429576925915,-2186.6403362445944,1522.71450384778
2012-05-14,3729.612414005848,1885.011952777699,5703.371753858144
2012-05-15,3891.587617208112,2015.863060653094,5835.160551674445
2012-05-16,3719.056309253743,1770.218240771637,5557.506421712431
2012-05-17,3639.49238633918,1700.9039453251241,5542.183048152093
2012-05-18,4067.6722893895176,1995.1243551857594,6102.623386807928
2012-05-19,1587.0382830442554,-197.836121640247,3505.910928560589
2012-05-20,-290.0794311059808,-2354.5598028122063,1584.286659662289
2012-05-21,3813.713585156089,2001.8133091604195,5744.958924730205
2012-05-22,4002.80911346668,2209.1398207059324,6012.13914864114
2012-05-23,3863.8176331841605,1883.8627892923469,5825.229296265397
2012-05-24,3823.9237982025056,1846.9878627693672,5743.694212127136
2012-05-25,4297.418172668397,2326.382483984293,6146.939251176992
2012-05-26,1867.063997367541,-47.30544082638635,3760.767382135676
2012-05-27,44.328242415719615,-1940.476283616718,1946.751919007753
2012-05-28,4205.572203141373,2383.1190500168664,6057.319464501535
2012-05-29,4454.004012645326,2426.7037774763457,6501.489412272898
2012-05-30,4374.924117136843,2517.112159553883,6314.901073418753
2012-05-31,4394.109056389914,2459.6852429317014,6327.123020465105
2012-06-01,4924.375027644723,3033.7560044195498,6883.452979730828
2012-06-02,2546.979237450576,646.5046602308091,4464.580584355835
2012-06-03,771.8874408833167,-1218.735242467689,2921.5999063938034
2012-06-04,4974.002001792108,3061.834117985123,6841.696660094623
2012-06-05,5255.151882591152,3303.004019489415,7153.807544719827
2012-06-06,5199.374628245891,3314.151058777489,7092.86321765501
2012-06-07,5231.334716223759,3344.2203138769746,7068.842700627982
2012-06-08,5762.918817167943,3902.3500589433,7751.27637352699
2012-06-09,3374.6651004149367,1423.9301744126842,5388.549853543073
2012-06-10,1576.0542005797943,-348.9171816439774,3551.9405570407275
2012-06-11,5741.755505034007,3947.3421795675795,7712.99976539005
2012-06-12,5973.629625513235,4050.9372426227837,7931.461967596703
2012-06-13,5856.016717290517,3820.6996735951593,7761.813452508495
2012-06-14,5814.1547728251935,3970.7896636566434,7707.025509414975
2012-06-15,6260.768353370588,4233.552571506029,8247.407426977508
2012-06-16,3777.484978450246,1691.1922710748534,5661.177998481839
2012-06-17,1875.1070410061375,51.01514971038438,3781.7539438094072
2012-06-18,5929.838773343029,4034.767831394941,7752.5872445856485
2012-06-19,6045.24241766755,4207.1008934197735,7961.212798065036
2012-06-20,5807.5085016464345,3870.8587943261255,7636.599320742729
2012-06-21,5643.8306187860435,3761.502561613232,7649.968724490345
2012-06-22,5968.953357078148,4113.4777423796095,8026.49330181665
2012-06-23,3366.5461237289455,1472.5734788425605,5288.744138763893
2012-06-24,1349.4317623478205,-520.0410416593066,3285.801465679052
2012-06-25,5295.765081555488,3472.23692552045,7230.962902549935
2012-06-26,5310.963759312469,3362.036416930826,7289.571177306829
2012-06-27,4982.9229873934,2978.1224925928454,6887.46292141072
2012-06-28,4740.359739846517,2910.934237614904,6759.592623882003
2012-06-29,4999.32889589549,2763.4190253243983,6871.526138643645
2012-06-30,2344.5701686043158,454.92029770515325,4246.699523900711
2012-07-01,289.7153577287095,-1564.923874350147,2233.2910762577503
2012-07-02,4213.451525391573,2222.1055075910344,6116.651695068034
2012-07-03,4221.442884133721,2498.953688575629,6166.806357723565
2012-07-04,3901.5429251018077,1865.9265708617138,5865.134606360235
2012-07-05,3682.1426692872824,1696.0377450516446,5750.060563025862
2012-07-06,3978.697107636866,2184.114199863148,5966.376072827574
2012-07-07,1375.088459682759,-587.0807391412773,3358.8370667297913
2012-07-08,-616.1447002084278,-2604.106397193712,1108.9373035914775
2012-07-09,3382.382547347487,1605.3538124911508,5383.64642813707
2012-07-10,3474.8543915095133,1492.5796533854384,5510.427842428822
2012-07-11,3247.5008643767064,1349.548442280606,5340.7046022609375
2012-07-12,3126.9830578890396,1151.8978931730467,5002.931692013928
2012-07-13,3526.9581146522555,1679.2778835741951,5548.784801915904
2012-07-14,1029.4816630507194,-898.3277845582702,3026.355660564471
2012-07-15,-854.7242105672854,-2959.4652721782268,1151.9244236709253
2012-07-16,3249.956614387454,1401.9001633453645,5214.900116545029
2012-07-17,3446.0226670423644,1537.8455606493394,5446.068859292461
2012-07-18,3318.133967959193,1371.295164075128,5211.819883448469
2012-07-19,3291.5261070493816,1179.6209204725155,5286.781850654501
2012-07-20,3778.599848701302,1773.7080846883937,5595.648308785178
2012-07-21,1360.3434609551077,-526.2583298273123,3266.130713233229
2012-07-23,3712.382075651846,1886.1346813836576,5617.141020771371
2012-07-24,3959.709264258615,2038.4089132370968,5911.334395690648
2012-07-25,3873.06413270978,1871.4343147890988,5730.5586840258975
2012-07-26,3877.65467415,1963.4102694039086,6005.565705962735
2012-07-27,4386.07683995349,2452.1319246012354,6313.49962432694
2012-07-28,1979.699324290332,-107.49614099895494,3874.891565004941
2012-07-29,168.92784738057208,-1735.6336315476524,1978.4902716686126
2012-07-30,4329.42075055118,2403.0752866529006,6282.708219635037
2012-07-31,4564.057726900663,2577.456809032391,6532.878382070804
2012-08-01,4458.192405152592,2525.0737498406625,6410.612661266341
2012-08-02,4438.034029253435,2534.539078087168,6373.220721908419
2012-08-03,4917.1998400423745,3014.4907747818615,6903.4580831327285
2012-08-04,2478.0965146916606,518.990297306583,4469.059016380478
2012-08-05,632.1596252969789,-1338.8529562221322,2576.675458328774
2012-08-06,4756.046206582772,2785.832459347655,6730.444362502485
2012-08-07,4953.582770175677,2983.7831708010585,6778.424554396042
2012-08-08,4810.999905207185,2824.5946015813697,6569.523134451728
2012-08-09,4755.299029327536,2754.2968079916195,6551.776929733727
2012-08-10,5200.793111897943,3140.333168343761,6928.15076183
2012-08-11,2730.4798315492444,814.3232909326616,4789.093567521188
2012-08-12,856.276128878691,-1027.284453285817,2892.1550527734476
2012-08-13,4955.209140446506,3030.139778626066,6900.361348174676
2012-08-14,5131.365652406145,3163.3128477843934,7118.033833950843
2012-08-15,4971.130929715938,3000.6161825694658,6916.109477019396
2012-08-16,4901.562128896108,2982.9684591969017,6680.943552450557
2012-08-17,5336.937703112804,3386.432920443273,7313.482101925106
2012-08-18,2860.14080764628,841.2031290390867,4872.831726844821
2012-08-19,982.9051888399435,-813.0519045706324,2880.3230804293325
2012-08-20,5082.018058683773,3209.4467415337112,7043.216161898415
2012-08-21,5261.281620344529,3335.302599898398,7200.596238713565
2012-08-22,5106.763654863478,3199.2365139545013,7131.172560786835
2012-08-23,5045.181973642905,3155.33294308321,6910.154702586724
2012-08-24,5490.4637973563085,3482.8520725325843,7557.028991414326
2012-08-25,3025.1377878078065,997.4279421932348,4919.72199494395
2012-08-26,1160.5870082557722,-710.49122529861,2936.6455669020006
2012-08-27,5273.257187472181,3325.981935697324,7166.549096341997
2012-08-28,5466.621907166282,3420.0238239389296,7300.14309282909
2012-08-29,5326.435159805146,3445.4838020815205,7404.978153530593
2012-08-30,5279.116195414873,3354.2703674193026,7382.786287103203
2012-08-31,5738.370133540993,3825.2804841913485,7629.50848392673
2012-09-01,3286.391164972966,1416.5058950531782,5279.785637476164
2012-09-02,1434.2992158749225,-536.5171897320377,3358.437307840367
2012-09-03,5558.282486254529,3644.5648077985165,7532.699602133616
2012-09-04,5761.558990401378,3820.4877366714873,7759.542998611795
2012-09-05,5629.625681630476,3555.299623464295,7454.014478369198
2012-09-06,5588.640436892881,3714.181468854163,7523.121481140439
2012-09-07,6051.978479862665,4159.202484883345,8034.841419545656
2012-09-08,3601.6215100260256,1680.4372874931018,5456.145845391071
2012-09-09,1748.4083526321833,20.20439605263588,3665.3008449699487
2012-09-10,5868.242016810707,3920.40743044702,7875.376814333574
2012-09-11,6064.055243819066,4221.709858760241,8048.142418626086
2012-09-12,5921.065380567428,4074.670765093597,7956.73298631511
2012-09-13,5865.163793627766,3928.7061020405927,7817.5630284427725
2012-09-14,6309.481256869411,4204.202137548578,8185.502928565425
2012-09-15,3835.787352732673,1813.6237405599186,5742.238563506211
2012-09-16,1954.7523977200958,-53.279832580323884,3814.779984527303
2012-09-17,6042.166407233119,4133.7149012062655,7880.716610007798
2012-09-18,6200.916752057405,4249.900297886793,8187.464996163658
2012-09-19,6016.254869754004,4097.310045878469,8004.484108113582
2012-09-20,5914.196745882507,4022.754900165421,7833.050477112082
2012-09-21,6308.098088421879,4466.6567873999,8098.152159020415
2012-09-22,3780.0617330758446,1897.8649675054228,5736.003986308338
2012-09-23,1841.2053146682233,-118.49279394263915,3794.2123844939156
2012-09-24,5867.8832886841565,3888.274869611665,7946.072998169488
2012-09-25,5963.664587052644,4130.29265020319,7882.126483023352
2012-09-26,5714.5959808656935,3856.1879044811517,7811.053850724255
2012-09-27,5547.595666968162,3600.232622037756,7607.699757018199
2012-09-28,5877.017907191101,3859.8825741789587,7812.873803113018
2012-09-29,3286.0462754527316,1382.9680794543242,5357.713682516667
2012-09-30,1286.9436822096818,-748.730961902496,3065.385300085849
2012-10-01,5257.253513468219,3299.5387243280643,7162.476413971536
2012-10-02,5301.7535376653595,3135.560485445316,7282.939992797373
2012-10-03,5007.693132132063,2876.51804672518,6907.040851931216
2012-10-04,4803.158926229814,2997.0444228128604,6753.351913767916
2012-10-05,5103.610356256473,3182.171017023441,7123.735211104971
2012-10-06,2493.2434248649806,379.84919692731086,4407.579654188206
2012-10-07,485.2412442765449,-1437.5063585489888,2362.663939531275
2012-10-08,4457.858413668884,2652.4220864295353,6362.726325776086
2012-10-09,4516.43792004723,2551.3298195779553,6360.248740491873
2012-10-10,4248.595711667585,2333.8973336840822,6380.705506139374
2012-10-11,4082.566912322468,2107.7335107009767,5981.282238100969
2012-10-12,4433.726250936252,2544.855052438085,6376.435244466436
2012-10-13,1885.9416106558874,15.010692868350002,3552.4155223705848
2012-10-14,-48.209842239951286,-2048.8163881596847,1777.2289135924827
2012-10-15,4008.7325798666966,2084.793555688624,5990.3502536604865
2012-10-16,4161.048142900423,2308.710803196168,6056.057977488247
2012-10-17,3995.062002382902,2056.7941822316357,5908.8382346315075
2012-10-18,3937.510545637118,1994.2178253933948,5914.823701633806
2012-10-19,4402.086708890458,2624.33774352889,6394.943516391216
2012-10-20,1970.8237582464806,23.7153011974579,3924.722148025969
2012-10-21,154.34642234759758,-1854.4886034323983,2099.6165683946406
2012-10-22,4328.084187674676,2517.6298865263343,6149.994613854817
2012-10-23,4594.248616134831,2668.864412005457,6458.860259872547
2012-10-24,4537.105159547639,2646.0175663231985,6392.366022441037
2012-10-25,4581.384198061738,2552.199309954928,6395.965293786249
2012-10-26,5138.872134832365,3321.185967444506,7029.081659520697
2012-10-27,2789.839890202772,919.8944665642298,4701.705900716727
2012-10-28,1043.336534010377,-877.6507485490523,2986.1222073741324
2012-10-29,5273.441744505503,3385.718807159261,7252.309037769939
2012-10-30,5581.277889203744,3596.121749691387,7502.1521271210995
2012-10-31,5550.311225575086,3621.4207553787783,7535.890505137538
2012-11-01,5604.786087794592,3786.4479899611833,7540.5048172731385
2012-11-02,6156.332172190626,4211.041590654285,8202.82996001668
2012-11-03,3785.4017088974106,1742.7640449064174,5711.923911577326
2012-11-04,2001.5638835697227,15.19765635013415,3927.423048379761
2012-11-05,6179.750018795172,4209.422070220971,8081.503918358937
2012-11-06,6422.250334768749,4594.081479675078,8380.846874734636
2012-11-07,6313.9920186597055,4407.999889589736,8116.970871891205
2012-11-08,6280.942904653628,4366.070000028263,8287.507108442522
2012-11-09,6736.681509918267,4811.795750205415,8773.480743374874
2012-11-10,4263.791029583235,2353.2591289571824,6168.882702348005
2012-11-11,2374.105635480616,448.5809667510179,4301.574646886096
2012-11-12,6444.912583448919,4387.806612223031,8550.50947698818
2012-11-13,6580.867820165988,4594.690464678827,8419.643538811188
2012-11-14,6369.244870734423,4418.3668335605735,8298.024554835827
2012-11-15,6238.27394873161,4344.957164257691,8142.232532865067
2012-11-16,6603.657786108375,4591.921578518253,8478.035935714617
2012-11-17,4049.9142785837657,2197.59604455966,6000.479055215693
2012-11-18,2090.5756007377613,175.56664216055793,4116.034964328189
2012-11-19,6104.339640487946,4052.2871803477256,7990.963188489081
2012-11-20,6196.97690411341,4125.616374232647,8181.05803833547
2012-11-21,5956.524882167813,4031.0771671122407,7944.649617921747
2012-11-22,5811.616310575593,3728.4521722099084,7648.153771920311
2012-11-23,6177.984018397011,4226.857918143764,8284.538820298101
2012-11-24,3639.801673747391,1700.1105057926752,5590.5781729156415
2012-11-25,1709.8901960961502,-267.3399496434489,3649.084456005389
2012-11-26,5765.885566181584,3809.8663387673873,7702.215497959665
2012-11-27,5912.170833980439,3916.8475600797674,7734.903647331702
2012-11-28,5735.10374045424,3754.8235792601868,7727.144624317118
2012-11-29,5661.38560149052,3831.8872712089637,7571.812363047704
2012-11-30,6104.613168059312,4175.530292700446,7926.056683077089
2012-12-01,3646.671628568972,1661.7705894071105,5637.046637382677
2012-12-02,1797.997237399194,-213.02048471998305,3665.100072352156
2012-12-03,5933.8039101590875,3977.746143663594,7785.404083604408
2012-12-04,6156.075124189052,4249.441392743212,8061.838545081494
2012-12-05,6048.851045245677,4137.709596595143,7855.202637780687
2012-12-06,6036.655038601806,4053.1072906521977,7866.036870488732
2012-12-07,6531.099832359569,4493.028323977342,8404.139512077083
2012-12-08,4112.330133848997,2139.589928151,6094.9533767453295
2012-12-09,2289.328934668748,321.31605601243695,4165.1769849583225
2012-12-10,6436.180745539203,4401.080786791906,8397.9807509096
2012-12-11,6654.092178087016,4796.65978274502,8517.797908970388
2012-12-12,6526.699074673051,4515.476639162584,8321.308027271087
2012-12-13,6478.503845409617,4645.864342881084,8370.438587809973
2012-12-14,6921.483014361753,4916.962680024711,8862.440256138985
2012-12-15,4436.521750470468,2594.081362388483,6524.333330246532
2012-12-16,2533.70283402095,653.9935469770548,4372.000784078546
2012-12-17,6588.543750299428,4767.905247890689,8563.900755085968
2012-12-18,6703.983000749196,4910.187187793934,8618.552699936346
2012-12-19,6465.660506125237,4330.833658030201,8321.11784718246
2012-12-20,6300.262846956417,4374.0721626882005,8230.1864140294
2012-12-21,6622.122506048652,4788.745910183701,8537.88864463654
2012-12-22,4014.5812766255854,2166.6495700011324,5893.40260693029
2012-12-23,1990.2206845145754,21.370549384772165,3915.6003578717696
2012-12-24,5927.039794502164,3923.592031113044,7883.073572925414
2012-12-25,5930.3829755684765,4066.9947676594197,7886.945884923209
2012-12-26,5588.149162208004,3617.1943733265516,7497.486045856438
2012-12-27,5329.128723749838,3235.6943055154466,7222.064716458187
2012-12-28,5569.510449944186,3615.0051922292605,7354.039036823522
2012-12-29,2894.217923070209,1023.6611894708817,4773.5292588146995
2012-12-30,817.1051462134005,-1071.2772786598828,2740.792336987111
2012-12-31,4717.107400351243,2706.2542233421395,6635.645688416879
2013-01-01,4700.150505758188,2779.3479934840766,6650.255362345941
2013-01-02,4354.350403925098,2456.606129528571,6332.211959168467
2013-01-03,4108.349321841866,2115.794528234727,5965.9553154621535
2013-01-04,4377.83094538205,2537.6381742818267,6197.837790498927
2013-01-05,1746.873563325189,-192.32891671193366,3716.291700324664
2013-01-06,-271.8294738726345,-2254.0040728402146,1755.7031830856326
2013-01-07,3699.213265245936,1699.0598575587326,5650.777959279833
2013-01-08,3764.23914204727,1995.7592752536066,5825.828848047564
2013-01-09,3509.474981257752,1732.3463698804198,5536.798119434631
2013-01-10,3361.5213652903526,1557.5932224960982,5223.342768060729
2013-01-11,3733.918838156151,1618.1411725231887,5688.546312809618
2013-01-12,1208.5536452067813,-638.4339893821134,3196.227730859653
2013-01-13,-704.069004085095,-2559.6468033753085,1414.0324132940461
2013-01-14,3371.4097532262126,1446.866037321679,5407.450584198143
2013-01-15,3537.1995258176385,1687.0666023676156,5541.933249017069
2013-01-16,3377.6498091756916,1407.6531205068404,5515.672281889573
2013-01-17,3317.6751568086665,1459.107835898786,5337.186292365923
2013-01-18,3769.35657699518,1788.5498201712214,5768.1011904425295
2013-01-19,1313.3759930264137,-528.6566412170157,3108.7868627125195
2013-01-20,-540.6888508341463,-2489.352505849969,1446.015514259029
2013-01-21,3581.8844578385024,1624.8051657368328,5543.566035541421
2013-01-22,3782.966560733853,1955.8028920924696,5875.107682588086
2013-01-23,3646.8642528046007,1728.6014358927532,5590.360470997773
2013-01-24,3598.7422796075903,1639.7985874671342,5591.807012634608
2013-01-25,4051.1929891922405,2252.2728184447537,5918.764904925403
2013-01-26,1585.6644859081707,-344.5801254130685,3443.1786079112776
2013-01-27,-287.2778193296599,-2245.0807685716054,1586.9048611694109
2013-01-28,3808.264726995229,1907.8461772642436,5679.787842174147
2013-01-29,3975.490783921315,2091.6317519824715,5838.273437226232
2013-01-30,3800.147328052699,1921.7179801112256,5730.195950045863
2013-01-31,3708.9048278639625,1772.4448193718533,5661.292806539604
2013-02-01,4115.90102085831,2145.0537903615545,6042.809000094761
2013-02-02,1604.1118450896352,-466.99285371857815,3463.1304442376845
2013-02-03,-314.42126108186585,-2189.328364808141,1670.0493217222713
2013-02-04,3737.5877019054196,1877.9385549494095,5731.288179062459
2013-02-05,3864.6028002463786,1916.6248546249217,5589.045377272768
2013-02-06,3653.4856361668576,1670.184140818727,5678.679390810522
2013-02-07,3531.846749700217,1584.451453823347,5437.562017312179
2013-02-08,3914.571191929692,2076.4600845382606,6071.282884657116
2013-02-09,1385.1771519803156,-521.8332893311311,3289.7784971331225
2013-02-10,-543.9629906619175,-2411.893673110494,1306.2780547861623
2013-02-11,3504.556188579938,1470.8383379966156,5504.452381880107
2013-02-12,3635.1123143357017,1605.861197368273,5397.505958322859
2013-02-13,3434.2858410198396,1418.9376031340707,5306.702611837388
2013-02-14,3329.227633222401,1378.990600060276,5234.853090013184
2013-02-15,3734.2051150478464,1879.0107378657817,5878.969797729073
2013-02-16,1231.9851409641515,-750.5248625249662,3110.9802382225475
2013-02-18,3416.966077579886,1388.6711465906783,5481.157297943702
2013-02-19,3584.0317048940988,1698.480633703226,5536.176721596573
2013-02-20,3420.8595631912294,1435.7735640147248,5433.304903032319
2013-02-21,3353.613125471163,1434.3301825167657,5224.422343416588
2013-02-22,3795.6129738504196,1974.7387825412147,5734.068290885591
2013-02-23,1328.7453530038083,-583.8501671510095,3185.0695761483184
2013-02-25,3576.3620671892986,1706.7720970783396,5564.3511643285765
2013-02-26,3769.4666369887427,1909.6737402338238,5693.250261627285
2013-02-27,3628.2001939135594,1678.91089374917,5582.566610618243
2013-02-28,3578.439057153255,1705.8135894662917,5472.210125341409
2013-03-01,4033.358169322792,2115.6789474742923,6041.028971979822
2013-03-02,1574.8368517776798,-397.77746798033775,3551.550369646681
2013-03-03,-286.2773675951921,-2194.334852063266,1495.1043096715675
2013-03-04,3826.0474535001285,1939.9495260786746,5787.481259830751
2013-03-05,4014.9978495822384,2094.499850142645,5916.614989289162
2013-03-06,3866.169677959479,1825.73986327601,5810.692342604133
2013-03-07,3805.95239152202,1903.7991412349554,5704.0074504495415
2013-03-08,4248.084320802946,2307.3485492399163,6075.57939071275
2013-03-09,1775.037165951504,-165.97690734934596,3766.952649189591
2013-03-10,-101.74146055169513,-2029.759410147181,1851.8791462454415
2013-03-11,3994.3675598410573,1974.9964318195803,5867.778861409415
2013-03-12,4167.1057770233365,2210.7036636219154,6111.485036938382
2013-03-13,4002.5745455580595,2055.905326851088,5976.114065729755
2013-03-14,3927.604418717542,1800.5773281600707,5973.318180796867
2013-03-15,4356.298423658329,2297.187442496938,6431.211977509692
2013-03-16,1871.4077444390891,-204.92490935906415,3901.900713355257
2013-03-17,-15.431140648165638,-2005.1984904758972,2028.7860723801812
2013-03-18,4072.4972201773385,2134.816288145226,6009.79492057679
2013-03-19,4238.939721497831,2350.321972368334,6253.6534853006615
2013-03-20,4069.9169282640373,2080.5441592406205,5954.5153512431
2013-03-21,3992.1003765877817,2180.8100933970195,6025.081384917168
2013-03-22,4419.366451147114,2550.939705660945,6217.529043585916
2013-03-23,1934.1849232213353,-70.99562427055277,3993.8894846617463
2013-03-24,47.87068323543099,-1915.9888104026325,1923.3708561175163
2013-03-25,4136.793190937253,2431.8633565716564,6089.921155258473
2013-03-26,4304.345294515383,2324.7323773917933,6284.639860799946
2013-03-27,4136.201778336149,2168.264134953051,6166.752635460321
2013-03-28,4058.7123542156414,2155.9617023627798,6065.646863508643
2013-03-29,4485.470028472877,2508.8962774073975,6555.632759927252
2013-03-30,1998.7124057365986,1.9731581278095864,3960.212461869132
2013-03-31,109.58400527482854,-1790.0589330414725,2101.2522142537814
2013-04-01,4194.353735276195,2290.339152852491,6233.365985325877
2013-04-02,4356.388891666514,2420.4299009679926,6419.673191553663
2013-04-03,4181.415857894851,2146.9412109863115,6154.146163942026
2013-04-04,4095.9121454244664,2087.886082868958,5993.2427386309955
2013-04-05,4513.670742105421,2682.40698099403,6491.9047342260465
2013-04-06,2017.1944727418513,46.40003921644738,4140.117899441223
2013-04-07,117.94869507754493,-1903.355726923779,2111.8686208882
2013-04-08,4192.56681911988,2358.0513510800038,6156.022228434332
2013-04-09,4344.810442739768,2526.73325925556,6320.317451562705
2013-04-10,4160.814776936944,2176.1755920849,6171.382487743698
2013-04-11,4067.464547497034,2046.7815577153003,6072.0705552387935
2013-04-12,4478.941925585036,2562.9003850803174,6398.374981947405
2013-04-13,1978.1047889715828,-46.75816962956533,3825.8021686756892
2013-04-14,76.72423041315324,-1855.7733948754935,2100.8769741750602
2013-04-15,4151.676368774095,2235.2078091808125,6164.924616380989
2013-04-16,4306.8907792306845,2251.5590756023603,6295.973620010536
2013-04-17,4128.5866751657,2196.407094072309,6245.537653478833
2013-04-18,4043.642412127484,2080.306345504286,6045.695603600349
2013-04-19,4466.140153557536,2589.376723044436,6370.155041650279
2013-04-20,1978.7441871787719,78.66411888999959,3754.6704311595754
2013-04-22,4185.242314868457,2141.0113711367844,6142.445328992848
2013-04-23,4359.134693238363,2362.6553341211034,6169.5475782993735
2013-04-24,4200.337501527512,2376.134374944838,6015.64032216763
2013-04-25,4135.183512872024,2089.1356721179077,6156.706432820534
2013-04-26,4577.182078821925,2605.160027628322,6608.004051043912
2013-04-27,2108.4166310203827,75.40977426043311,4039.5022919076496
2013-04-29,4347.322388418029,2376.9492052914447,6353.888696095088
2013-04-30,4533.9720675578055,2563.0987771531572,6513.069942499749
2013-05-01,4385.06134618045,2514.7276339184405,6382.883195233921
2013-05-02,4326.599989050307,2315.8795065736017,6153.787208309697
2013-05-03,4771.878256121212,2857.9844011743703,6496.328914846417
2013-05-04,2302.8764732276004,398.13443945207337,4153.547379580525
2013-05-05,430.53481719271167,-1540.9054139975722,2462.8398133554356
2013-05-06,4530.977291869682,2573.8770054760134,6576.6658924712965
2013-05-07,4707.491102426553,2774.4114851118406,6611.140295489814
2013-05-08,4545.7914564812,2614.1832116110972,6353.217040414474
2013-05-09,4472.416300766616,2642.2011349087516,6344.563589257254
2013-05-10,4901.291847533271,3017.392573417717,6814.267825690663
2013-05-11,2415.1265050320344,497.3591477288711,4234.466269879695
2013-05-12,525.6614704183298,-1257.5910354096934,2594.067489114244
2013-05-13,4609.872436867252,2695.86067532961,6584.868280481201
2013-05-14,4771.924202596024,2710.9794856832673,6713.854320726479
2013-05-15,4598.408881994582,2500.284090808924,6384.370044426874
2013-05-16,4516.712970104785,2640.4574573304235,6572.092747419524
2013-05-17,4941.554909118241,3162.2431514297878,6887.931510682886
2013-05-18,2456.35159365558,524.3834378391208,4251.488425528932
2013-05-19,573.4429003899377,-1360.8497327518767,2521.643921439774
2013-05-20,4670.269501885815,2784.587105762481,6619.759956699003
2013-05-21,4851.306515888729,2848.6046694919946,6810.269487642329
2013-05-22,4703.284387488319,2798.508668241743,6645.056601047257
2013-05-23,4653.542864199797,2622.3404516564847,6610.380051753267
2013-05-24,5116.560213724066,3044.984501240982,7119.0990651691345
2013-05-25,2675.3164984218442,834.5288056158402,4633.377035489424
2013-05-26,841.5202323796761,-1085.8155287261854,2715.898515160819
2013-05-27,4991.793774513606,3043.739950872219,6954.633767310991
2013-05-28,5229.61995221337,3251.205826738537,7040.844076911565
2013-05-29,5140.581103202015,3257.6281236833347,6946.730194727154
2013-05-30,5150.736037571849,3347.691845783491,7022.2276437729415
2013-05-31,5673.176570608455,3708.2815447397475,7436.975035126969
2013-06-01,3289.42181224698,1276.2947343137128,5252.318974823506
2013-06-02,1509.6787974923354,-437.9962216493963,3457.144745430802
2013-06-03,5709.063975053741,3779.9127159645545,7640.492390621773
2013-06-04,5989.587140225949,4015.4380685669785,7904.432247595671
2013-06-05,5935.42804256731,3978.9843536239587,7870.476095573824
2013-06-06,5971.350190604396,4076.5523205321438,7838.735634651115
2013-06-07,6509.292528331242,4505.044866300939,8525.657690086662
2013-06-08,4129.796224148451,2111.399031115789,6050.77067697544
2013-06-09,2342.2942679509597,366.49535825742373,4276.061271142194
2013-06-10,6521.3575864949435,4686.397518225092,8496.857733053172
2013-06-11,6768.698559993224,4924.1220178274025,8804.236312743229
2013-06-12,6668.46159142983,4766.34673493181,8725.383951453285
2013-06-13,6645.644812322211,4756.472788274763,8587.074376795521
2013-06-14,7112.693314942601,5209.591917782765,9170.005416641188
2013-06-15,4650.921028811803,2661.4675310099374,6811.732216803441
2013-06-16,2770.7889813513953,718.3152331104262,4698.859338135827
2013-06-17,6848.133863221408,4792.736280934795,8795.520874954285
2013-06-18,6986.148153338877,5129.80852653085,8922.44424558798
2013-06-19,6770.641979933874,4817.624093684147,8771.838113526233
2013-06-20,6628.431465186328,4667.610700661079,8610.792043992957
2013-06-21,6973.894729676911,5013.986257968928,8872.411919785542
2013-06-22,4390.35356217172,2581.221036225122,6289.698358643623
2013-06-23,2390.3094604110356,496.05469209744786,4285.16578537414
2013-06-24,6351.628985405631,4580.838256388016,8223.868281238918
2013-06-25,6379.480724664448,4459.403389822551,8255.119189859699
2013-06-26,6061.555090575677,4057.981899708125,8075.853938456772
2013-06-27,5826.412715062925,3854.245098846894,7744.932464424177
2013-06-28,6090.003578114018,4210.963866777174,8031.791855160968
2013-06-29,3437.015757055987,1427.2494028313786,5263.872299273194
2013-06-30,1381.0832806514636,-496.1643182940079,3396.6160736740417
2013-07-01,5300.948683909919,3388.7610874738334,7201.999187368741
2013-07-02,5302.383080369493,3414.0142269060934,7232.2713153092445
2013-07-03,4973.395337778507,2910.665592073287,6894.860358054885
2013-07-04,4742.576325147252,2814.783132653682,6731.563630942338
2013-07-05,5025.620408416364,3065.6519034807498,7140.366742146308
2013-07-06,2406.682957427948,333.7138174421887,4507.800260227251
2013-07-07,398.60306532014647,-1551.789560112404,2483.374367627042
2013-07-08,4379.08664237797,2512.9998655246372,6440.501888576584
2013-07-09,4452.652130703418,2508.9644563780075,6304.855056445624
2013-07-10,4205.869734070776,2236.7116556427186,6165.342911840561
2013-07-11,4065.7393385814617,2149.75091725381,6102.214086991526
2013-07-12,4446.2484301129925,2506.2756725100535,6312.389605746603
2013-07-13,1929.7678451561655,21.42820189726148,3867.7304927721566
2013-07-14,27.313600553439755,-1758.3767423251998,1855.641213954138
2013-07-15,4114.7690043713155,2188.280667207482,6234.223024559084
2013-07-16,4294.868356413841,2391.7912330529107,6270.979362610505
2013-07-17,4152.472240196185,2280.731020598575,6042.198361564001
2013-07-18,4112.978758781197,2194.967772488924,6097.686192746912
2013-07-19,4588.911286064368,2596.360916905466,6602.423798935399
2013-07-20,2161.3399430990607,185.90063451340768,4018.6800038666215
2013-07-21,340.1645389767773,-1747.2196577458335,2405.3632532610595
2013-07-22,4500.352805645941,2478.9582478320012,6374.837495705406
2013-07-23,4743.935000555323,2870.5802144748122,6843.199771972699
2013-07-24,4655.284787682139,2764.159928839005,6813.88333186918
2013-07-25,4659.530798436557,2715.211913901663,6534.006477244949
2013-07-26,5169.139629793308,3283.7277796177927,7128.94249203211
2013-07-27,2765.327802140614,817.1197605577822,4668.760087827414
2013-07-28,958.3308446596893,-920.4511625212317,2762.1124689817084
2013-07-29,5123.623865916926,3201.1564451436484,7094.350224873948
2013-07-30,5363.895294759864,3407.632261452782,7216.103303632588
2013-07-31,5264.304374428491,3408.2171333759347,7111.241864650744
2013-08-01,5250.867529571477,3372.0830383012703,7201.710007275967
2013-08-02,5737.015097134319,3842.022030229593,7697.2128947877345
2013-08-03,3304.976679592831,1315.5483296789653,5147.793800991636
2013-08-04,1466.024000805955,-646.9476222438003,3333.7118500322467
2013-08-05,5596.66629242053,3749.857337430125,7532.966839915274
2013-08-06,5800.60050648571,3644.10993888285,7552.247569529865
2013-08-07,5663.94747269355,3805.5634027308897,7576.521520214405
2013-08-08,5613.619564021769,3636.5573748593283,7539.678857539939
2013-08-09,6063.8617111851845,3988.921923702434,7806.727369731909
2013-08-10,3597.624265590891,1654.5009201512503,5578.6682604333755
2013-08-11,1726.7967251264372,-148.744006162072,3627.9840005907176
2013-08-12,5828.397376477457,3842.9185793333877,7822.874932922975
2013-08-13,6006.5210710269,3989.887368627364,7958.166609810254
2013-08-14,5847.576076785583,3869.708255268697,7681.223557338288
2013-08-15,5778.655306051056,3692.4216389987623,7749.382150871652
2013-08-16,6214.0834201365715,4257.647850831579,8103.281485220656
2013-08-17,3736.797910404408,1693.625817826368,5810.5339446904745
2013-08-18,1858.5927246295064,89.6751736432872,3688.1675872678597
2013-08-19,5956.319018926898,3979.600561283908,7865.120071344938
2013-08-20,6133.844768187637,4155.675213310407,8159.495594601539
2013-08-21,5977.303700226561,3963.028883694978,7950.04426086332
2013-08-22,5913.478399239074,4143.149651360131,7963.2673487592765
2013-08-23,6356.358664655379,4316.022073940837,8266.405868955393
2013-08-24,3888.5328617212263,1869.0924182958224,5717.461677934824
2013-08-25,2021.4405334707167,-42.98676097438416,3890.4116913359358
2013-08-26,6131.5806279817225,4206.973163824965,8054.260117512273
2013-08-27,6322.476926171205,4412.436251635165,8233.002152675172
2013-08-28,6179.9310694908445,4258.690576251003,8094.557442269508
2013-08-29,6130.408049422376,4254.573150943059,8037.931020988681
2013-08-30,6587.595340133953,4641.4275652229635,8653.03791738866
2013-08-31,4133.793579023378,2241.608964116039,5924.064161571041
2013-09-01,2280.167297939093,304.79956064067994,4147.368384576299
2013-09-02,6402.950345617391,4431.976338586663,8400.838030726241
2013-09-03,6605.407914394797,4616.015523114317,8535.958446795692
2013-09-04,6473.085924387892,4674.529174684745,8369.894259598657
2013-09-05,6432.1929924209635,4641.818575723013,8436.213164392955
2013-09-06,6896.156527359595,4952.8607902582935,8895.359410606734
2013-09-07,4447.011196599538,2393.1342678406636,6343.60686629019
2013-09-08,2595.6485709952176,781.6194580851818,4529.714287723532
2013-09-09,6718.022844079305,4811.565712189604,8625.312406668796
2013-09-10,6917.1147322027755,4837.10919020921,8766.623506164613
2013-09-11,6778.1844316645365,4757.105512368545,8906.71945337724
2013-09-12,6727.158903520569,4659.356053475275,8667.0740592709
2013-09-13,7177.194988544643,5331.394249488141,9239.536636461407
2013-09-14,4710.076472602732,2876.264050310299,6636.790830648885
2013-09-15,2836.4737025395684,822.854343076487,4782.422487720814
2013-09-16,6932.160362547688,4976.837844427951,8795.438845924393
2013-09-17,7099.9891613931195,5106.788208383951,9007.85866260283
2013-09-18,6925.156890359824,4995.06921457071,8858.599009074422
2013-09-19,6833.603659515344,5024.858412341522,8747.917297002174
2013-09-20,7238.58732029933,5253.2943313084725,9166.825069334704
2013-09-21,4722.090685483497,2900.941442845987,6702.192332266557
2013-09-22,2795.089640751834,912.9639024998866,4686.064727665611
2013-09-23,6833.776273875924,4921.652979013254,8851.204845238366
2013-09-24,6941.538328316417,4860.24700428786,8823.585171150711
2013-09-25,6704.225055231644,4605.346336644999,8624.974629101229
2013-09-26,6548.54396055324,4637.4052272058725,8700.562771211942
2013-09-27,6888.629232416159,5000.877273485277,8838.966228382642
2013-09-28,4307.439339023412,2331.3104824826105,6395.058634748942
2013-09-29,2317.011879717208,312.37441785203356,4187.580291311798
2013-09-30,6294.66992030959,4338.249798119076,8289.850577890324
2013-10-01,6344.981342942445,4406.912898001217,8389.428779045162
2013-10-02,6055.001624962655,4073.2984504984024,8089.9855983103425
2013-10-03,5852.644995997216,3987.5970967481107,7676.231085582835
2013-10-04,6153.2253143539965,4360.688634030429,8063.511299313028
2013-10-05,3540.8247990782943,1548.4266437636911,5602.917477417018
2013-10-06,1528.5194218843349,-296.0476993899328,3467.331560876081
2013-10-07,5494.555967980226,3607.3775317129666,7530.796705549111
2013-10-08,5544.283108856249,3592.123941752273,7394.320594387232
2013-10-09,5265.367727948445,3406.6846457174165,7308.250291196054
2013-10-10,5086.142262455151,3175.1815927050015,7081.004423176238
2013-10-11,5422.1251815748265,3523.239928005949,7290.01530006975
2013-10-12,2857.3734561070814,838.814509155421,4874.75425827784
2013-10-13,904.6964597282645,-948.8418351654049,2859.446753783666
2013-10-14,4941.826841859339,2935.392668987653,6775.320077067768
2013-10-15,5073.351122988974,3146.2153797853516,7005.773347855606
2013-10-16,4885.931520865806,2983.7460260856296,6762.917180535486
2013-10-17,4806.664886409714,2832.428163638562,6757.09779722551
2013-10-18,5249.620824192089,3281.793737668401,7206.4474138120495
2013-10-19,2797.217642327057,834.9567719271747,4707.745620235015
2013-10-20,960.4651970940017,-1115.497343403371,2925.871470840793
2013-10-21,5115.169638594005,3379.7422285440903,7104.601863872392
2013-10-22,5363.902124630856,3643.486451791043,7362.119321686746
2013-10-23,5291.262192722477,3376.884531961569,7262.374718314744
2013-10-24,5322.280733971235,3353.6087200798434,7192.94961782336
2013-10-25,5869.003613761941,3882.3090980892352,7789.474985140761
2013-10-26,3511.913485440881,1639.9881611791186,5371.85414194541
2013-10-27,1760.2177223963163,-360.969611148722,3623.1605034723207
2013-10-28,5988.096323545056,3958.6119860153917,7768.187200591595
2013-10-29,6296.71072738613,4375.964049147706,8246.84727542879
2013-10-30,6269.503142894364,4539.665827166284,8247.845634482654
2013-10-31,6330.6303395378545,4391.156430862801,8295.164014973127
2013-11-01,6891.572049131644,4928.236603257517,8837.49727120284
2013-11-02,4532.570768550128,2641.569369095121,6504.363037088336
2013-11-04,6957.266392950165,5112.008343504121,8776.29411080643
2013-11-05,7217.510402307684,5375.0538125115345,9191.542246383091
2013-11-06,7128.195197070636,5271.586679714033,9093.943371282397
2013-11-07,7114.86778837764,5092.711856750818,8977.636547700293
2013-11-08,7590.669006820311,5734.379417367878,9614.284250010112
2013-11-09,5137.737671745886,3137.5371794972225,6911.2383431337175
2013-11-10,3267.4673409134452,1334.2492629632234,5308.114054292222
2013-11-11,7356.710015428549,5595.947416940846,9355.279150082288
2013-11-12,7509.72859568905,5646.44031871927,9444.508379231154
2013-11-13,7313.428880381646,5256.7948550101,9162.409367189855
2013-11-14,7195.716533347499,5230.387235439341,9122.095356099999
2013-11-15,7572.020917894564,5770.666775398258,9532.449118186496
2013-11-16,5026.6445578386265,2997.612733043832,6846.791445275387
2013-11-17,3072.9676979161814,1180.8851395611125,5201.363323129433
2013-11-18,7089.603665230766,5198.910338879071,9082.160441606633
2013-11-19,7182.308071570917,5237.114087356076,9247.396991193955
2013-11-20,6939.1737768744815,4857.157486289576,8864.360543089124
2013-11-21,6788.958020377285,4814.047804801625,8765.935879035133
2013-11-22,7147.584427033144,5173.536179546646,9118.86799989312
2013-11-23,4599.479260714651,2797.708730575587,6555.721095979986
2013-11-24,2657.771794616157,784.6999705584345,4554.425523315971
2013-11-25,6700.454672799951,4827.289445758512,8766.088897066378
2013-11-26,6832.307242274563,4950.989725649795,8872.739582659158
2013-11-27,6640.113482845579,4681.259108311953,8563.965856916731
2013-11-28,6551.020421530588,4614.9677054202675,8437.414385969869
2013-11-29,6979.079004683137,4976.220229979045,8940.495254358317
2013-11-30,4506.6258673892125,2574.3090373918917,6509.739333587618
2013-12-01,2644.5347648917236,707.4765565795059,4599.405128474896
2013-12-02,6768.432287180653,4871.560029347454,8751.057435102206
2013-12-03,6980.679469037828,5051.979230318599,8862.839074871896
2013-12-04,6865.649475128534,4808.8097712781655,8594.073216220193
2013-12-05,6848.1457568374035,4879.929255592146,8724.030213411505
2013-12-06,7340.001158899233,5403.289823272402,9283.109465711435
2013-12-07,4921.514954748891,3059.6000047147986,6701.468443275165
2013-12-08,3101.7551864768348,1174.2907668472556,5015.500984276584
2013-12-09,7254.819649655611,5268.2285609574565,9115.03228990009
2013-12-10,7481.855996032833,5503.32300659603,9493.228741396122
2013-12-11,7366.370165207968,5363.028785813274,9261.993505172906
2013-12-12,7332.6667698014335,5546.422462019203,9306.469779222607
2013-12-13,7792.461356518028,5829.693672433342,9877.149113173595
2013-12-14,5326.321196986909,3350.0320732877162,7251.780478345047
2013-12-15,3443.9618984184503,1419.8577334833203,5258.076930096232
2013-12-16,7520.493330077992,5452.301896027147,9403.60340973068
2013-12-17,7658.415730604007,5851.32216082693,9556.988869809256
2013-12-18,7442.8958268326605,5487.012954727315,9437.241939932537
2013-12-19,7300.167417358392,5408.625354842267,9137.108831215042
2013-12-20,7644.097360886284,5771.317152787544,9519.026714090907
2013-12-21,5057.574801750683,3068.7854690556887,7270.818378405537
2013-12-22,3052.752231954956,1165.583962640893,4996.532053179962
2013-12-23,7007.233290566959,5043.953685803591,8862.917806090592
2013-12-24,7026.009630126782,5009.5782062847975,8957.934510970266
2013-12-25,6696.678165846281,4737.19296456028,8640.494230470456
2013-12-26,6447.7846287538905,4458.240162144323,8364.642315174538
2013-12-27,6695.335774869062,4850.596683173866,8757.04655303566
2013-12-28,4024.1394032414746,2045.030630280539,5989.251557924091
2013-12-29,1948.0019765555048,41.8238141306992,3998.358226499541
2013-12-30,5845.879783889812,3889.1148788881646,7673.233386905034
2013-12-31,5823.786832121891,3887.5695942761604,7849.582786819363
2014-01-01,5469.991435470126,3517.334941338251,7458.24722825433
2014-01-02,5213.347860069153,3135.5125981588562,7191.393006401929
2014-01-03,5469.805583150529,3492.8516712509086,7383.9211664191325
2014-01-04,2823.755295862999,944.8203689176906,4655.424370217359
2014-01-05,788.2411907695086,-1111.1759678735189,2823.2049359751336
2014-01-06,4741.135001116187,2748.57459221613,6630.571092334607
2014-01-07,4787.074299838567,2862.273134072977,6732.634741393707
2014-01-08,4512.696164254569,2595.2144567670307,6525.597894519838
2014-01-09,4345.011537977643,2375.790372825837,6350.104908637413
2014-01-10,4697.961692314883,2632.633649336095,6434.492397392684
2014-01-11,2153.8146579918803,375.190911328272,4130.301584251147
2014-01-12,223.42984413941394,-1731.3189750653044,2225.2487023212684
2014-01-13,4282.484956441676,2360.4514153612627,6237.184279716161
2014-01-14,4433.466373423973,2516.149028876173,6335.187679980344
2014-01-15,4260.952778337243,2490.24619225314,6312.50980251176
2014-01-16,4190.036145215487,2351.0500263329964,6179.302163771245
2014-01-17,4632.92035519322,2801.117624569106,6497.928264372218
2014-01-18,2170.3543228283525,261.2256792119145,3990.2456176007154
2014-01-19,311.9270176946666,-1594.948205709881,2263.5546587333956
2014-01-20,4432.317841313437,2384.930349498153,6430.12268195638
2014-01-21,4633.30305969371,2836.6337345355482,6596.6386197651
2014-01-22,4499.047834056009,2695.4635510736452,6451.214099033119
2014-01-23,4454.52789981757,2597.5000786533824,6417.780597662439
2014-01-24,4912.1213259006445,2921.013349056176,6916.839689722458
2014-01-25,2453.027587091816,528.5420146261471,4389.136059590611
2014-01-26,587.5418716622571,-1240.3499732878577,2573.885448037461
2014-01-27,4691.278787421258,2736.9831628511247,6537.566110406954
2014-01-28,4867.147013675756,3163.4592263737354,6916.289508927827
2014-01-29,4700.605407563287,2923.2861362037165,6642.88203250761
2014-01-30,4618.045670581672,2663.361467601393,6595.183306288973
2014-01-31,5033.34312259951,3225.443634774277,6869.535665597294
2014-02-01,2529.2339593884503,623.7001565179087,4555.336521516768
2014-02-03,4675.392574751786,2691.336248668295,6516.071321198846
2014-02-04,4807.088988679787,2916.020412078477,6554.9095950897545
2014-02-05,4599.39493446047,2724.258911950819,6570.533117799448
2014-02-06,4479.856871067244,2541.356405608873,6408.310816501943
2014-02-07,4863.335759569816,2947.4216580376565,6685.103254753274
2014-02-08,2333.3646868495057,428.51021776461704,4240.515580717086
2014-02-09,402.3678668400735,-1533.6658158764417,2253.7401245538417
2014-02-10,4447.836487410915,2456.631545063717,6442.333632089588
2014-02-11,4574.264016493522,2547.4531133712085,6401.650075863916
2014-02-12,4368.372278681416,2372.567734042286,6206.089425722768
2014-02-13,4257.473931284894,2320.953696302198,6243.527305204573
2014-02-14,4656.013122907785,2695.886452272689,6546.93254370074
2014-02-15,2146.9426583620934,56.48308625493688,4051.8262324992324
2014-02-16,241.96640038018086,-1781.7410599040672,2313.642911818042
2014-02-17,4317.741580642831,2311.5711205066523,6260.600325185984
2014-02-18,4477.842773009127,2559.479580774911,6400.305174523396
2014-02-19,4308.017939718154,2383.2626961204032,6347.522344702294
2014-02-20,4234.581267553537,2197.78790881874,6129.224704769339
2014-02-21,4670.983679490725,2636.473008938863,6463.158707941739
2014-02-22,2199.218489481752,111.06880217795907,4140.1938037375
2014-02-23,330.0901391345669,-1594.4369843838542,2159.7674040486545
2014-02-24,4439.439984766786,2443.6537675515146,6381.883860992705
2014-02-25,4630.130288719752,2725.579331090651,6611.411565515984
2014-02-26,4487.316348184165,2536.8454944410933,6467.247601914682
2014-02-27,4436.851133047888,2319.3404275071107,6581.289309016247
2014-02-28,4891.863112592147,3111.4769700226643,6669.837671930172
2014-03-01,2434.1646750460573,483.5053850745294,4392.909960617356
2014-03-02,574.5191563548642,-1367.437562129981,2402.055883168158
2014-03-03,4688.860658817237,2762.6227701843777,6618.01713940871
2014-03-04,4880.2681515475315,2991.459878214404,6962.062176556274
2014-03-05,4734.224235582341,2813.043314873766,6623.687966444343
2014-03-06,4677.003490606295,2796.1347924736356,6605.7218325560225
2014-03-07,5122.2317045327045,3159.8083620099337,7155.41841598076
2014-03-08,2652.2740668095753,607.8278093012497,4446.267983035126
2014-03-09,778.4810512775784,-1196.7300044466392,2843.9810841161243
2014-03-10,4877.38688844191,3034.180106555235,6875.696602871186
2014-03-11,5052.662825240755,3140.284035491859,7002.925500504738
2014-03-12,4890.3562255973475,2999.519948542147,6921.16393079666
2014-03-13,4817.261043710051,2864.9031202708934,6914.159751028856
2014-03-14,5247.461511487669,3189.9670076764337,7165.491659951258
2014-03-15,2763.707571134297,797.0005871557206,4681.220083679403
2014-03-16,877.651125645808,-1060.6031245293034,2780.3251967437404
2014-03-17,4966.03824211261,3116.66419105191,6877.13294279273
2014-03-18,5132.65962252402,3146.463422678815,7068.737810779389
2014-03-19,4963.590393251675,3068.306111424379,6951.214677077625
2014-03-20,4885.564625056797,2998.7615508169793,6793.277205375018
2014-03-21,5312.526193958406,3392.204383018873,7288.77468178986
2014-03-22,2827.0141805499693,965.5729587330153,4847.586405989029
2014-03-23,940.4114580081823,-1014.5877848255113,2788.242113881704
2014-03-24,5029.151106700579,2961.5681559601903,6971.9212074392935
2014-03-25,5196.682417049704,3092.3129426670234,7041.06057563316
2014-03-26,5028.726941063888,3163.7241085229766,7036.532669171953
2014-03-27,4951.66939685076,3028.9971209521914,6890.606920085211
2014-03-28,5379.124432349565,3387.0784564487903,7212.7764109613045
2014-03-29,2893.3368658066315,1050.5241590993492,4751.474970183825
2014-03-30,1005.4435162532563,-929.9834585436653,2904.407972288394
2014-03-31,5091.69078613226,3141.036468132576,6782.340379121106
2014-04-01,5255.409358779872,3320.266934904722,7401.607442844676
2014-04-02,5082.276161963197,3229.029036183633,7150.045544412144
2014-04-03,4998.7081927099025,3007.0118101899247,6938.517857601854
2014-04-04,5418.429107013904,3523.678850143233,7402.354179316321
2014-04-05,2923.86619930858,1002.5034718689146,5047.527570067357
2014-04-06,1026.4060016380809,-802.0407197641223,2935.353930397082
2014-04-07,5102.602886628427,3220.9430312383283,7029.744476877884
2014-04-08,5256.14235669752,3338.8034892103865,7188.77032995017
2014-04-09,5073.089577606617,3287.380859642509,7065.040076297385
2014-04-10,4980.268231446666,2896.6976705427146,6862.626436403134
2014-04-11,5391.811130237783,3363.53464537825,7266.906212091434
2014-04-12,2890.5407914848656,965.1334665138351,4867.549080472458
2014-04-13,988.2088022037724,-871.0514754168404,2882.262035339193
2014-04-14,5061.688951800265,3068.7921708588115,7086.001880660555
2014-04-15,5214.926392126308,3247.2742149451146,6877.692938549269
2014-04-16,5034.1739188943,3194.60493170778,7045.157257884017
